rank,uid,title,creator,estimatedArtist,estimatedPeriod,faceCount,vertexCount,likeCount,viewCount,commentCount,archiveTypes,viewerUrl,publishedAt
1,8f4827cf36964a17b90bad11f48298ac,David by Michelangelo,jerryfisher,michelangelo,renaissance,366012,221596,492,150026,22,glb|gltf|source|usdz,https://sketchfab.com/3d-models/none-8f4827cf36964a17b90bad11f48298ac,2015-01-31T08:05:42
2,d29af50360624e5e9b1855666475380d,"Head Of Michelangelo's David, Optimised",Thomas Flynn,michelangelo,renaissance,100000,55940,842,82002,16,glb|gltf|source|usdz,https://sketchfab.com/3d-models/none-d29af50360624e5e9b1855666475380d,2022-01-12T14:28:15.793146
3,430b9e5354484860b8b41505e9b63298,"Fountain with three putts, Brno Lužánky",3dhdscan,,renaissance,89129,84768,727,27963,8,glb|gltf|source|usdz,https://sketchfab.com/3d-models/none-430b9e5354484860b8b41505e9b63298,2017-08-26T05:40:11.301457
4,0285f6b21ed545918511f4ee0fcd40ff,Bronze Moses at Augustana University,jerryfisher,michelangelo,renaissance,516526,324531,604,20097,35,glb|gltf|source|usdz,https://sketchfab.com/3d-models/none-0285f6b21ed545918511f4ee0fcd40ff,2016-09-13T01:47:22.072753
5,04a8e7b1ba9142ba8cebc6108cd5bb97,Statue of liberty,3Dystopia,bartholdi,,19780,59326,263,36656,2,glb|gltf|source|usdz,https://sketchfab.com/3d-models/none-04a8e7b1ba9142ba8cebc6108cd5bb97,2021-07-13T14:19:13.682268
6,f21d998c67774d10855def0003854c08,Philopoemen - Louvre Museum,Benjamin Bardou,,,511794,389553,437,16575,5,glb|gltf|source|usdz,https://sketchfab.com/3d-models/none-f21d998c67774d10855def0003854c08,2017-02-06T22:07:18.740516
7,3a8f65d7db8e4ba7a0ea886e2b636128,David by Michelangelo,jerryfisher,michelangelo,renaissance,149466,90816,315,25683,5,glb|gltf|source|usdz,https://sketchfab.com/3d-models/none-3a8f65d7db8e4ba7a0ea886e2b636128,2016-04-14T10:18:44.927194
8,bdcd0813bf54467fb879ee1681a3a6d3,“Mercury about to kill Argos” by B. Thorvaldsen,Virtual Museums of Małopolska,thorvaldsen,,292385,174254,341,13195,5,glb|gltf|source|usdz,https://sketchfab.com/3d-models/none-bdcd0813bf54467fb879ee1681a3a6d3,2017-10-23T12:25:55.524632
9,d4328120c44d470ca86c678220e3921b,Gates of Hell,Alan Zimmerman,rodin,,175663,114960,265,20018,3,glb|gltf|source|usdz,https://sketchfab.com/3d-models/none-d4328120c44d470ca86c678220e3921b,2015-12-02T19:06:59.701990
10,36bea7ec68844e0f94f2e2effa7e05eb,"Fontana di Trevi - Rome, Italy - 1732",Raiz,,baroque,180003,185990,229,19016,3,glb|gltf|source|usdz,https://sketchfab.com/3d-models/none-36bea7ec68844e0f94f2e2effa7e05eb,2020-04-11T19:50:43.275289
11,6827af1276ab407ebbfa1e7d0a4b9a19,1968.212 Terpsichore Lyran,Cleveland Museum of Art,canova,,114472,110288,289,11017,2,glb|gltf|source|usdz,https://sketchfab.com/3d-models/none-6827af1276ab407ebbfa1e7d0a4b9a19,2023-05-30T19:56:12.088748
12,921f91e7667b44759c5a92d27622c904,Seated Cupid - Rijksmuseum,Moshe Caine,falconet,18th century,920544,645075,292,8603,2,glb|gltf|source|usdz,https://sketchfab.com/3d-models/none-921f91e7667b44759c5a92d27622c904,2019-02-17T11:52:42.549479
13,434542838ef140d4a706dc42e775eb12,Der Denker,noe-3d.at,rodin,,597890,402870,226,9084,9,glb|gltf|source|usdz,https://sketchfab.com/3d-models/none-434542838ef140d4a706dc42e775eb12,2022-09-02T16:34:56.433080
14,5d4b12b5f1644fc8b687791ff21594d2,Adonis (A53),Geoffrey Marchal,thorvaldsen,,546984,315229,212,9316,6,glb|gltf|source|usdz,https://sketchfab.com/3d-models/none-5d4b12b5f1644fc8b687791ff21594d2,2017-12-20T21:16:42.681766
15,78311a44ce65415ab32bcd12762f2801,Maria Fjodorovna Barjatinskaja,Geoffrey Marchal,thorvaldsen,,398033,219077,202,6406,0,glb|gltf|source|usdz,https://sketchfab.com/3d-models/none-78311a44ce65415ab32bcd12762f2801,2017-03-22T19:06:24.747337
16,9e83703e8e674f94a4b8fac7499265ad,Greek Statue of a Slave,The New Way Museum,hiram powers,nineteenth century,9016,7892,47,21774,0,glb|gltf|source|usdz,https://sketchfab.com/3d-models/none-9e83703e8e674f94a4b8fac7499265ad,2021-03-04T14:37:01.073112
17,b94d8c93e9e947cbb29a5ebeb1dd09c4,Pieta A 3D Tribute to Michelangelo's Masterpiece,SUJESH NAIR,michelangelo,renaissance,221512,127427,193,5959,2,glb|gltf|source|usdz,https://sketchfab.com/3d-models/none-b94d8c93e9e947cbb29a5ebeb1dd09c4,2023-10-24T10:29:38.511996
18,4e82f1a4501f4ccd8f3d50d040548771,Moses By Michelangelo,jerryfisher,michelangelo,renaissance,516486,302120,152,9531,10,glb|gltf|source|usdz,https://sketchfab.com/3d-models/none-4e82f1a4501f4ccd8f3d50d040548771,2015-01-29T07:41:15
19,a95ee639a9104375add804e262342c81,Baptismal Angel (A110),Geoffrey Marchal,thorvaldsen,,527115,299946,185,5982,2,glb|gltf|source|usdz,https://sketchfab.com/3d-models/none-a95ee639a9104375add804e262342c81,2017-11-27T18:55:18.846434
20,5b9aa58d51624f01b9009b52379bf18a,Statue Of Liberty Bronze Model,jerryfisher,bartholdi,19th century,391480,240626,133,10252,2,glb|gltf|source|usdz,https://sketchfab.com/3d-models/none-5b9aa58d51624f01b9009b52379bf18a,2015-02-07T05:29:20
21,e4c7e511b86f436c84e35afaf8b945f4,100.DB.11 Venus Apple Thorvaldsen,Ancient World 3D,thorvaldsen,,257722,195312,160,7572,1,glb|gltf|source|usdz,https://sketchfab.com/3d-models/none-e4c7e511b86f436c84e35afaf8b945f4,2020-03-22T19:36:06.454260
22,c6b163d1b94d4e5595ee930de8de75fa,Statue of Male Figure,The Hunt Museum,,renaissance,69514,38780,169,5933,0,glb|gltf|source|usdz,https://sketchfab.com/3d-models/none-c6b163d1b94d4e5595ee930de8de75fa,2018-10-13T12:20:43.889943
23,dccd60b56cc8411a8ab612771d11933c,"The dying lion, Lucerne",C. Yamahata,thorvaldsen,,488445,296212,150,6843,2,glb|gltf|source|usdz,https://sketchfab.com/3d-models/none-dccd60b56cc8411a8ab612771d11933c,2015-10-19T14:23:11
24,8200b4562e494d0b8aed7e316303e0b8,Bronze replica Statue of Liberty,jerryfisher,bartholdi,,1915603,1197030,114,10659,5,glb|gltf|source|usdz,https://sketchfab.com/3d-models/none-8200b4562e494d0b8aed7e316303e0b8,2017-09-04T06:24:57.436853
25,ce65f13124f142bb835629d82ecc1ce2,Cupid,Geoffrey Marchal,,19th century,593187,337638,152,6505,9,glb|gltf|source|usdz,https://sketchfab.com/3d-models/none-ce65f13124f142bb835629d82ecc1ce2,2018-01-15T20:04:32.123680
26,d4d06764dca6428baf20b8b06286eaf0,Napoleon on a Horse,Virtual Museums of Małopolska,,,307090,186997,148,6562,4,glb|gltf|source|usdz,https://sketchfab.com/3d-models/none-d4d06764dca6428baf20b8b06286eaf0,2022-01-24T11:51:59.847649
27,56295c6ba583401e9ef9d05b4b681c99,Narcisse made by Gabriel Grupello,Geoffrey Marchal,,baroque,500000,407148,146,6071,5,glb|gltf|source|usdz,https://sketchfab.com/3d-models/none-56295c6ba583401e9ef9d05b4b681c99,2018-11-26T21:02:01.044101
28,0f64263b13704ba684c90479f9fc8c6e,Dioskur,Geoffrey Marchal,thorvaldsen,,387870,220328,163,4543,0,glb|gltf|source|usdz,https://sketchfab.com/3d-models/none-0f64263b13704ba684c90479f9fc8c6e,2016-09-22T18:47:06.744014
29,03b49569a54f4ce7ae1219b70f2bd255,VR Thinker,aronegal,rodin,,22400,18091,147,5299,3,glb|gltf|source|usdz,https://sketchfab.com/3d-models/none-03b49569a54f4ce7ae1219b70f2bd255,2016-05-13T12:52:49.849000
30,98e730d500c04963a5d5fed1d1359571,Mercury about to kill Argus,Geoffrey Marchal,thorvaldsen,,397770,221285,157,4006,3,glb|gltf|source|usdz,https://sketchfab.com/3d-models/none-98e730d500c04963a5d5fed1d1359571,2017-03-10T19:21:37.932792
31,9f1d35a07dbc415da0aff1ab4d5b0abb,Model of the Greek Slave,The Smithsonian Institution,hiram powers,,149999,94531,145,5337,0,glb|gltf|source|usdz,https://sketchfab.com/3d-models/none-9f1d35a07dbc415da0aff1ab4d5b0abb,2020-02-20T21:36:46.534581
32,a668103a96874b80a8421f22fbb5c74f,Lady Bust - Benlliure,Moøkan,,neoclassic,30000,15978,146,4760,1,glb|gltf|source|usdz,https://sketchfab.com/3d-models/none-a668103a96874b80a8421f22fbb5c74f,2017-03-14T15:56:41.568876
33,8bfcfec1dc8d4505a606b12c9026d387,Lion de Belfort by Auguste Bartholdi (1875),Maurice Svay,bartholdi,,213262,141634,145,4420,9,glb|gltf|source|usdz,https://sketchfab.com/3d-models/none-8bfcfec1dc8d4505a606b12c9026d387,2019-06-30T16:36:30.152716
34,6af79e37f2bd4ee0b6c16342b2b06bad,1917.722 Heroic Head of Pierre de Wissant,Cleveland Museum of Art,rodin,19th century,623354,400842,113,6448,0,glb|gltf|source|usdz,https://sketchfab.com/3d-models/none-6af79e37f2bd4ee0b6c16342b2b06bad,2017-06-02T12:51:42.646524
35,7e67d0754732471088bd05323021d6ad,Torso of the Falling Man,Moshe Caine,rodin,,968134,620265,142,3496,0,glb|gltf|source|usdz,https://sketchfab.com/3d-models/none-7e67d0754732471088bd05323021d6ad,2018-07-31T13:50:11.966178
36,7622f84ac94346fea34841a7afc36709,"Adam, Rodin",Moøkan,rodin,,39216,26001,120,5293,3,glb|gltf|source|usdz,https://sketchfab.com/3d-models/none-7622f84ac94346fea34841a7afc36709,2017-01-21T14:10:59.094534
37,7723feae34eb441fa9f74dd330b7b7d5,2011.110 Indian Combat,Cleveland Museum of Art,edmonia lewis,19th century,95858,53263,54,11277,0,glb|gltf|source|usdz,https://sketchfab.com/3d-models/none-7723feae34eb441fa9f74dd330b7b7d5,2019-05-21T13:12:58.070537
38,618d9fbc6b694fc8b917bc66b9561a81,Pius 7 (1742 - 1823),Geoffrey Marchal,thorvaldsen,,564899,341395,127,3770,2,glb|gltf|source|usdz,https://sketchfab.com/3d-models/none-618d9fbc6b694fc8b917bc66b9561a81,2017-12-11T20:14:34.534706
39,4e6f703a8fc14a3589ea56dfcd4cb845,Alexander und Olympias,noe-3d.at,,baroque,584300,415879,130,3213,1,glb|gltf|source|usdz,https://sketchfab.com/3d-models/none-4e6f703a8fc14a3589ea56dfcd4cb845,2020-08-01T16:38:56.621880
40,57b58ad84f0e43a8986e567d72413345,Stage,local.yany,michelangelo,renaissance,5248,3212,117,2554,0,glb|gltf|source|usdz,https://sketchfab.com/3d-models/none-57b58ad84f0e43a8986e567d72413345,2024-07-14T11:42:17.828557
41,58d659d930f54466b9e83bc02a1d229d,Cupid and Psyche,Geoffrey Marchal,thorvaldsen,,390642,216303,106,3278,0,glb|gltf|source|usdz,https://sketchfab.com/3d-models/none-58d659d930f54466b9e83bc02a1d229d,2017-07-14T14:14:46.602605
42,03628a6d36e04542b6014ddb07b85c63,Silence - Angel Sculpture,andreidrmb,falconet,18th century,71588,41438,98,3979,3,glb|gltf|source|usdz,https://sketchfab.com/3d-models/none-03628a6d36e04542b6014ddb07b85c63,2021-11-22T14:54:12.267793
43,26c23265310a4e45aaa296d02db83cb2,Bust of Angélique d'Hannetaire,Geoffrey Marchal,,romantic,500000,378802,106,3032,3,glb|gltf|source|usdz,https://sketchfab.com/3d-models/none-26c23265310a4e45aaa296d02db83cb2,2018-03-26T19:26:55.367818
44,05ba00cefb5b4a7e8cecda2a91d6a568,Loie Fuller sculpture by Joseph Kratina,Minneapolis Institute of Art,,19th century,64000,34284,114,2230,0,glb|gltf|source|usdz,https://sketchfab.com/3d-models/none-05ba00cefb5b4a7e8cecda2a91d6a568,2024-04-19T18:31:04.519949
45,7e179eb4be4944349409bec984edb1e5,Jelizaveta Aleksejevna Osterman-Tolstaja,Geoffrey Marchal,thorvaldsen,,403649,223148,100,2400,13,glb|gltf|source|usdz,https://sketchfab.com/3d-models/none-7e179eb4be4944349409bec984edb1e5,2016-08-31T18:57:01.669934
46,c9c4d57a03c64233915d06f53b5a31f5,David - Copy,VIMUNE,michelangelo,renaissance,4000144,2984051,90,3441,0,glb|gltf|source|usdz,https://sketchfab.com/3d-models/none-c9c4d57a03c64233915d06f53b5a31f5,2022-04-30T10:37:20.846676
47,8534af4c08854ebd8e1c87ff065c6c93,La valse,"Alienor.org, Conseil des musées",rodin,,65081,40475,75,4451,2,glb|gltf|source|usdz,https://sketchfab.com/3d-models/none-8534af4c08854ebd8e1c87ff065c6c93,2016-09-14T13:56:31.945889
48,3fc4a0f5e7dc472da37b7f3195ed2ac7,X11,re1monsen,houdon,,20030,14786,105,1550,0,glb|gltf|source|usdz,https://sketchfab.com/3d-models/none-3fc4a0f5e7dc472da37b7f3195ed2ac7,2022-08-21T17:15:54.402820
49,aef74272b36a48a5a4e35189b048034c,Terpsichore Lyran by Canova,Glenn Gunhouse,canova,neoclassical,114430,104075,87,2789,0,glb|gltf|source|usdz,https://sketchfab.com/3d-models/none-aef74272b36a48a5a4e35189b048034c,2023-06-13T00:37:33.125539
50,b5b03cd88e1946e1b326d0e1d21a0a38,"Rodin, ""Clenched Hand"", Fitzwilliam Museum",ryanfb,rodin,,642370,451317,83,2607,0,glb|gltf|source|usdz,https://sketchfab.com/3d-models/none-b5b03cd88e1946e1b326d0e1d21a0a38,2018-05-31T21:04:11.657050
51,921384c784ed4b569c61c896c4b8fbbe,Thinker Rodin 4k Tris,Silas Merlin,rodin,,4114,3220,71,3436,0,glb|gltf|source|usdz,https://sketchfab.com/3d-models/none-921384c784ed4b569c61c896c4b8fbbe,2022-06-02T14:49:35.757896
52,d4b08e18198043ba8c3a9668089f0296,Femme voilée (la Foi ?) - Antonio Corradini,Benoît Rogez,antonio corradini,,492248,296690,77,2465,0,glb|gltf|source|usdz,https://sketchfab.com/3d-models/none-d4b08e18198043ba8c3a9668089f0296,2014-04-30T17:50:48
53,f0e3d5b992d54d159ee26003e239b972,David Statue,Filip,michelangelo,,168160,85259,40,5835,0,glb|gltf|source|usdz,https://sketchfab.com/3d-models/none-f0e3d5b992d54d159ee26003e239b972,2020-05-07T00:20:33.504911
54,52548aa254dd46488f8e5d5db705e35c,Arthur St Clair Marble Statue,National Museums Scotland,jules dalou,,3237124,2227013,75,2225,0,glb|gltf|source|usdz,https://sketchfab.com/3d-models/none-52548aa254dd46488f8e5d5db705e35c,2020-04-08T16:21:57.786824
55,c5f60baffe534f0190b00cd74315e990,George Washington by Jean-Antoine Houdon,jerryfisher,houdon,18th century,697162,435587,55,3908,0,glb|gltf|source|usdz,https://sketchfab.com/3d-models/none-c5f60baffe534f0190b00cd74315e990,2016-07-09T23:14:04.900037
56,65744474f5e84079b260701307bfca02,The Three Graces listening to Cupid's song,Epic_Tree_Store,thorvaldsen,,92384,81689,79,1258,5,glb|gltf|source|usdz,https://sketchfab.com/3d-models/none-65744474f5e84079b260701307bfca02,2018-04-17T10:17:26.590219
57,acac7d89229e4acf9db47befc7ca2af5,55014 FLO Hercules Giambologna,Ancient World 3D,giambologna,renaissance,529414,324444,66,2631,0,glb|gltf|source|usdz,https://sketchfab.com/3d-models/none-acac7d89229e4acf9db47befc7ca2af5,2020-03-24T19:00:07.364417
58,2cc5c44b4e67438cbb26de6b20e72c79,Torso de jeune fille: Rodin,Fitzwilliam Museum,rodin,,180406,541218,64,2772,0,glb|gltf|source|usdz,https://sketchfab.com/3d-models/none-2cc5c44b4e67438cbb26de6b20e72c79,2020-02-12T12:04:45.984180
59,b8d4bde0991c409c8a0ed81d07381de7,Cupid and Hygieia,Geoffrey Marchal,thorvaldsen,,403900,222142,77,1443,0,glb|gltf|source|usdz,https://sketchfab.com/3d-models/none-b8d4bde0991c409c8a0ed81d07381de7,2016-09-16T20:28:36.914885
60,28351d2b0b02420db787aa31d0377b8f,Assia,pattarrian,donatello,,888878,532550,66,2357,0,glb|gltf|source|usdz,https://sketchfab.com/3d-models/none-28351d2b0b02420db787aa31d0377b8f,2017-10-12T16:36:58.739908
61,c0380c5bf9964bd6b71884b452c70bdf,Rodin - Le Baiser,Sakado,rodin,,662489,408665,70,1424,0,glb|gltf|source|usdz,https://sketchfab.com/3d-models/none-c0380c5bf9964bd6b71884b452c70bdf,2023-07-08T13:42:00.877055
62,e7e833942b9740239505a48049031aaf,Triumph of Silène,crlnvl,jules dalou,,373100,270172,68,1109,6,glb|gltf|source|usdz,https://sketchfab.com/3d-models/none-e7e833942b9740239505a48049031aaf,2016-05-05T15:09:22.351399
63,88c184078caa45da98c21cfe5f1d6845,1918.328 The Age of Bronze,Cleveland Museum of Art,rodin,,78096,71593,49,3206,1,glb|gltf|source|usdz,https://sketchfab.com/3d-models/none-88c184078caa45da98c21cfe5f1d6845,2023-01-05T18:46:48.698337
64,bcbee3da51a347709f5b53a81bd7f2b9,Lincoln Memorial Sketch Model,jerryfisher,,renaissance,250000,138778,47,3276,3,glb|gltf|source|usdz,https://sketchfab.com/3d-models/none-bcbee3da51a347709f5b53a81bd7f2b9,2020-05-28T04:32:51.197492
65,f8db201b53414d6ea9f1b008ff47e889,Discus throwing the disc_Restored,Digital_Restoration,canova,,499418,382289,58,2218,0,glb|gltf|source|usdz,https://sketchfab.com/3d-models/none-f8db201b53414d6ea9f1b008ff47e889,2021-07-19T10:17:15.078253
66,469c2ed7b2ea4edcb75dfeac20e7ea0c,Moses by Michelangelo Head,jerryfisher,michelangelo,renaissance,1965439,1282492,57,1586,0,glb|gltf|source|usdz,https://sketchfab.com/3d-models/none-469c2ed7b2ea4edcb75dfeac20e7ea0c,2015-06-27T01:18:56
67,f3f1e758c35844b1ad1007a57ac8a61d,1944.129 Young Satyr and Satyress,Cleveland Museum of Art,clodion,,90000,270000,60,771,0,glb|gltf|source|usdz,https://sketchfab.com/3d-models/none-f3f1e758c35844b1ad1007a57ac8a61d,2023-01-30T21:45:55.033296
68,d43a98d302f04117a20e1148199a5cd3,1800s Male Busts Type A,Mad_Lobster_Workshop,,,60582,33411,56,1055,0,glb|gltf|source|usdz,https://sketchfab.com/3d-models/none-d43a98d302f04117a20e1148199a5cd3,2024-02-18T18:51:53.413146
69,3975835d31634f1ca1027aa82836aba7,Kala Bhairava w/ 2 LOD - Nepal Heritage,3Dystopia,,,7482,7981,49,1783,0,glb|gltf|source|usdz,https://sketchfab.com/3d-models/none-3975835d31634f1ca1027aa82836aba7,2021-07-23T14:39:51.993817
70,26ba45797d4645f88f15a916de5e9236,"Togaed statue, Tarraco (Tarragona, Spain)",Global Digital Heritage and GDH-Afrika,,,1299770,880322,48,1446,0,glb|gltf|source|usdz,https://sketchfab.com/3d-models/none-26ba45797d4645f88f15a916de5e9236,2020-01-18T19:44:54.645053
71,mCJRjiRMWgbfGA5jhrzEdQyC11,Rodin - Eve,PANOLUMA,rodin,,49924,30156,47,1551,2,glb|gltf|source|usdz,https://sketchfab.com/3d-models/none-mCJRjiRMWgbfGA5jhrzEdQyC11,2013-07-12T23:50:46
72,50b1ff8b18214278b1445047d8622c29,The Solitude of the Soul by Lorado Taft,SBCVL_UCSF,lorado taft,neoclassic,999956,623460,50,1129,2,glb|gltf|source|usdz,https://sketchfab.com/3d-models/none-50b1ff8b18214278b1445047d8622c29,2018-10-17T00:23:37.772789
73,36be441d9e684388a4b312d5198716cc,St John,Geoffrey Marchal,,renaissance,176961,109341,51,967,4,glb|gltf|source|usdz,https://sketchfab.com/3d-models/none-36be441d9e684388a4b312d5198716cc,2015-05-03T22:21:50
74,46f45cac4db346f2ab8c968e83801870,"La Petite Landaise, buste de Robert Wlérick","Alienor.org, Conseil des musées",donatello,,3124136,1914708,51,1016,0,glb|gltf|source|usdz,https://sketchfab.com/3d-models/none-46f45cac4db346f2ab8c968e83801870,2020-05-28T11:23:24.113417
75,2067673ca6e54b2896146c3809c5f592,Jesus Christ and the Cross – conservation,matousekfoto,,19th century,74986,65103,41,2031,1,glb|gltf|source|usdz,https://sketchfab.com/3d-models/none-2067673ca6e54b2896146c3809c5f592,2020-10-24T11:22:45.974553
76,ebfa0d8c7f1b4a72a8ac9fe51af48761,Bust l - Uffizi Gallery,VIMUNE,,renaissance,382554,300241,46,1453,0,glb|gltf|source|usdz,https://sketchfab.com/3d-models/none-ebfa0d8c7f1b4a72a8ac9fe51af48761,2022-04-09T14:46:20.114516
77,067c5296c53f4447b15c048d64ddfbc5,Bust of Sophocles - Uffizi Gallery,VIMUNE,,renaissance,480688,398257,45,1500,1,glb|gltf|source|usdz,https://sketchfab.com/3d-models/none-067c5296c53f4447b15c048d64ddfbc5,2022-04-09T14:40:11.748352
78,ec71cf1b0cc347719118cce04a14aea0,Life Cast of Left Forearm and Hand,The Smithsonian Institution,hiram powers,,150000,89913,46,1381,0,glb|gltf|source|usdz,https://sketchfab.com/3d-models/none-ec71cf1b0cc347719118cce04a14aea0,2020-02-21T23:30:25.765248
79,587e65f2d904440488a98dfa9a4e9dbe,Force,Katie Wolfe,barye,,999053,810071,50,899,0,glb|gltf|source|usdz,https://sketchfab.com/3d-models/none-587e65f2d904440488a98dfa9a4e9dbe,2021-04-19T16:43:51.641559
80,d4e59f2f8b5c49e9b2c174e8c4431c6c,1944.129.1 Young Satyress,Cleveland Museum of Art,clodion,,45000,43910,51,746,0,glb|gltf|source|usdz,https://sketchfab.com/3d-models/none-d4e59f2f8b5c49e9b2c174e8c4431c6c,2023-01-30T21:57:25.882272
81,6c05ce29c6a44dbe8bb6f8b62d192871,1944.129.2 Young Satyr,Cleveland Museum of Art,clodion,,45000,44214,50,690,0,glb|gltf|source|usdz,https://sketchfab.com/3d-models/none-6c05ce29c6a44dbe8bb6f8b62d192871,2023-01-30T21:49:03.290970
82,41dd704633244bb1ad4f13d8a50fccd1,Le Baiser,Migg,rodin,,1000102,807642,37,1467,1,glb|gltf|source|usdz,https://sketchfab.com/3d-models/none-41dd704633244bb1ad4f13d8a50fccd1,2022-07-30T16:45:09.090529
83,f3e38e8d27444612838f25a070091c1c,Bust of Józef Szujski,Virtual Museums of Małopolska,,19th century,97760,51165,38,1378,0,glb|gltf|source|usdz,https://sketchfab.com/3d-models/none-f3e38e8d27444612838f25a070091c1c,2022-07-06T06:12:23.630443
84,aaa5bfbe7ed24ceebc3fb98dd68c0f4c,"Heroic Head of Pierre de Wissant, 1886",Thomas Flynn,rodin,,623354,400842,35,1428,3,glb|gltf|source|usdz,https://sketchfab.com/3d-models/none-aaa5bfbe7ed24ceebc3fb98dd68c0f4c,2017-04-21T13:04:27.292504
85,f6e8a5eeb8bc4d6ab249047472e1ae8b,Bust of Angélique d'Hannetaire_Restored,Digital_Restoration,,romantic,499836,378297,42,785,0,glb|gltf|source|usdz,https://sketchfab.com/3d-models/none-f6e8a5eeb8bc4d6ab249047472e1ae8b,2021-07-18T11:24:23.721735
86,42b2188e2d51491c84fe9301ab4bf35f,Paysanne française (maternity),Fitzwilliam Museum,jules dalou,,500000,281039,39,1040,0,glb|gltf|source|usdz,https://sketchfab.com/3d-models/none-42b2188e2d51491c84fe9301ab4bf35f,2020-02-07T13:21:13.331007
87,27339621613d4d55a61d9e58bd6ef908,The thinker,Kinan Qazan,rodin,,14184,42552,29,2014,0,glb|gltf|source|usdz,https://sketchfab.com/3d-models/none-27339621613d4d55a61d9e58bd6ef908,2023-04-12T14:45:42.861664
88,1d8371018dd54403955b3f535c311dc9,2025.18 Fata Morgana,Cleveland Museum of Art,giambologna,,181890,106183,36,941,0,glb|gltf|source|usdz,https://sketchfab.com/3d-models/none-1d8371018dd54403955b3f535c311dc9,2025-06-24T13:33:40.425804
89,1eb31a6acb394f95b9c0b13cfafff5c7,Penitent Magdalene by Canova,auriea,canova,,24356,12577,33,1218,0,glb|gltf|source|usdz,https://sketchfab.com/3d-models/none-1eb31a6acb394f95b9c0b13cfafff5c7,2016-06-30T11:18:58.590435
90,cf47a9bcac3f4a38bb7190d249e36ac5,Woman,shinya,rodin,,50724,110313,31,1205,1,glb|gltf|source|usdz,https://sketchfab.com/3d-models/none-cf47a9bcac3f4a38bb7190d249e36ac5,2021-06-30T22:20:11.667254
91,8e068981952e40ff8b57ab96d935fa07,317: Benjamin Franklin,alexdelker,houdon,,40560,23568,24,1832,0,glb|gltf|source|usdz,https://sketchfab.com/3d-models/none-8e068981952e40ff8b57ab96d935fa07,2021-11-13T20:35:12.160019
92,ef9c4850987c4227b2af6379d71b81f8,Pieta,MSU Broad Art Museum,,renaissance,1621007,1030919,27,1267,0,glb|gltf|source|usdz,https://sketchfab.com/3d-models/none-ef9c4850987c4227b2af6379d71b81f8,2017-04-13T15:57:04.362142
93,a4e9a268c5a54837ad61a407ec6b2fdf,"Esbós d'Isabel II amb el Príncep d'Astúries, UB",Giravolt,,19th century,199974,128902,32,795,0,glb|gltf|source|usdz,https://sketchfab.com/3d-models/none-a4e9a268c5a54837ad61a407ec6b2fdf,2019-12-11T15:07:03.812816
94,ee1a38494f614aea8014e81a42cb32ea,18th Century lady sculpture,Aupuma,,18th century,109162,62452,32,765,0,glb|gltf|source|usdz,https://sketchfab.com/3d-models/none-ee1a38494f614aea8014e81a42cb32ea,2022-04-16T21:49:48.439788
95,6f999a9fa18c4816b05855c107c4f859,Buste de Jane Poupelet par Lucien Schnegg,"Alienor.org, Conseil des musées",rodin,,650508,374684,26,1011,1,glb|gltf|source|usdz,https://sketchfab.com/3d-models/none-6f999a9fa18c4816b05855c107c4f859,2020-05-28T11:17:43.384517
96,ed178a81fdf349868e35deda14bbfc7b,Pitti Tondo by Michelangelo,jerryfisher,michelangelo,renaissance,810402,531161,25,861,2,glb|gltf|source|usdz,https://sketchfab.com/3d-models/none-ed178a81fdf349868e35deda14bbfc7b,2016-06-07T03:39:58.141296
97,9c334230d1c24f358f8f86bf634041d3,CentaurStatue,local.yany,michelangelo,renaissance,201220,122761,26,858,0,glb|gltf|source|usdz,https://sketchfab.com/3d-models/none-9c334230d1c24f358f8f86bf634041d3,2026-01-16T09:53:22.543021
98,31f623b365ac4adaa1d6175c90f4d17d,Danaïde,pattarrian,rodin,,3567934,2253540,25,814,0,glb|gltf|source|usdz,https://sketchfab.com/3d-models/none-31f623b365ac4adaa1d6175c90f4d17d,2023-05-29T11:58:59.809991
99,6b75333f84c04615af1018e746c20a97,Sleeping Hermaphroditus,mikesira,bernini,,179310,99940,10,2260,0,glb|gltf|source|usdz,https://sketchfab.com/3d-models/none-6b75333f84c04615af1018e746c20a97,2022-06-20T16:09:50.982172
100,dc9d463388b948b6a06e065191a1e751,1963.251 Satyress And Child,Cleveland Museum of Art,clodion,,39966,34917,24,892,0,glb|gltf|source|usdz,https://sketchfab.com/3d-models/none-dc9d463388b948b6a06e065191a1e751,2023-01-30T21:54:40.352076
101,0bf828410cc14c959fdf732e213742de,Psyche by Auguste Rodin,avi,rodin,,46230,26671,22,866,3,glb|gltf|source|usdz,https://sketchfab.com/3d-models/none-0bf828410cc14c959fdf732e213742de,2022-07-26T18:02:24.773433
102,76c5c234c6074b13a94bf793c276a509,Danaïd by Auguste Rodin,nationalmuseum_sweden,rodin,,110538,329548,19,1222,0,glb|gltf|source|usdz,https://sketchfab.com/3d-models/none-76c5c234c6074b13a94bf793c276a509,2017-08-18T12:36:33.074678
103,42805afff99447a5a84ab81bed26caef,"Portrait of a woman (""Marietta Strozzi"").",Glenn Gunhouse,verrocchio,renaissance,49926,34023,26,531,0,glb|gltf|source|usdz,https://sketchfab.com/3d-models/none-42805afff99447a5a84ab81bed26caef,2023-01-13T21:57:16.970394
104,21580cc79c424ac2a7cd8d5602d8fa32,Statues,local.yany,michelangelo,renaissance,50007,38318,23,657,0,glb|gltf|source|usdz,https://sketchfab.com/3d-models/none-21580cc79c424ac2a7cd8d5602d8fa32,2025-08-06T23:28:54.510728
105,ba6331b4e089452695c6e3d22cd0e81e,Relief wall painting,3dhdscan,,xv,30149,15785,24,561,0,glb|gltf|source|usdz,https://sketchfab.com/3d-models/none-ba6331b4e089452695c6e3d22cd0e81e,2017-07-19T13:03:24.500561
106,58c5e2cd41c340eaaeea666c129e5779,"Workshop of Verrocchio, Alexander the Great",ZeuxisVR,verrocchio,renaissance,27420,17477,26,361,0,glb|gltf|source|usdz,https://sketchfab.com/3d-models/none-58c5e2cd41c340eaaeea666c129e5779,2022-10-02T19:47:49.288708
107,f55127047f2a447c8247127353091447,"Bust of a Woman, by Francesco Laurana",Glenn Gunhouse,,renaissance,50161,31637,21,743,0,glb|gltf|source|usdz,https://sketchfab.com/3d-models/none-f55127047f2a447c8247127353091447,2022-12-30T16:14:57.884058
108,c366c74629f84b4d92b7712e86d0093d,Crouching Boy Cast V&A Model Attempt #2,Caitlyn Carr,michelangelo,renaissance,999674,722137,21,556,0,glb|gltf|source|usdz,https://sketchfab.com/3d-models/none-c366c74629f84b4d92b7712e86d0093d,2022-05-12T16:57:10.838609
109,b1be10aae20a499e9c94fbf2b2ac3ff0,Ânon par Jane Poupelet,"Alienor.org, Conseil des musées",,,780030,505198,22,436,0,glb|gltf|source|usdz,https://sketchfab.com/3d-models/none-b1be10aae20a499e9c94fbf2b2ac3ff0,2020-05-28T11:14:13.981600
110,df4d2da4e9934b82b30f9bcab685a0fd,Dendera zodiac copy,Fitzwilliam Museum,,19th century,500000,315963,19,724,0,glb|gltf|source|usdz,https://sketchfab.com/3d-models/none-df4d2da4e9934b82b30f9bcab685a0fd,2020-02-12T16:24:39.605139
111,465b5cb888d54a88aadf5d0c1b35a517,Bernini sculpture,Grooveholmes,bernini,,999942,777786,15,1053,0,glb|gltf|source|usdz,https://sketchfab.com/3d-models/none-465b5cb888d54a88aadf5d0c1b35a517,2023-07-12T18:55:29.081129
112,539be48602fe40748fb383885b1f3046,Guard Statue,local.yany,michelangelo,renaissance,66685,41589,18,581,0,glb|gltf|source|usdz,https://sketchfab.com/3d-models/none-539be48602fe40748fb383885b1f3046,2025-08-06T23:29:02.011486
113,f54e60afcd2a4ddaa17e182ba0901274,Musée Rodin - Hand of God / 3D Scan,Andrew Sink,rodin,,334224,210843,16,670,0,glb|gltf|source|usdz,https://sketchfab.com/3d-models/none-f54e60afcd2a4ddaa17e182ba0901274,2023-10-15T17:15:26.944674
114,9b4e3db1fe5f4989a5cb31f750481514,33-Kannon Buddha cliff statues(japan),Fuji,,,200000,193842,16,635,0,glb|gltf|source|usdz,https://sketchfab.com/3d-models/none-9b4e3db1fe5f4989a5cb31f750481514,2019-12-08T13:46:46.765147
115,4d2428e7502545489117d3f192dfc831,Le Baiser - Rodin,percapto,rodin,,199999,136827,14,765,0,glb|gltf|source|usdz,https://sketchfab.com/3d-models/none-4d2428e7502545489117d3f192dfc831,2017-09-18T13:04:40.937405
116,b49034184ded4c7d94f27d121a75eb7a,Auguste Rodin - Preparing for the Calvacade,Moshe Caine,rodin,,1276954,791970,16,416,0,glb|gltf|source|usdz,https://sketchfab.com/3d-models/none-b49034184ded4c7d94f27d121a75eb7a,2018-08-01T05:39:04.208224
117,f4ad8d9e411f4beab2048c3f8e4564a4,Nun Outfit,local.yany,michelangelo,renaissance,45606,25515,17,412,0,glb|gltf|source|usdz,https://sketchfab.com/3d-models/none-f4ad8d9e411f4beab2048c3f8e4564a4,2025-08-06T23:28:37.480208
118,6a3786e61eb94d4c88b7a329f19206ef,Bust Josef Merhaut - writer,3dhdscan,,19th century,29252,15829,18,324,0,glb|gltf|source|usdz,https://sketchfab.com/3d-models/none-6a3786e61eb94d4c88b7a329f19206ef,2017-07-15T19:55:27.067122
119,ff5f72f7d504478cb52a8974564cd542,Maternitat de Manolo Hugué,Giravolt,,,69999,36962,17,320,0,glb|gltf|source|usdz,https://sketchfab.com/3d-models/none-ff5f72f7d504478cb52a8974564cd542,2022-12-12T08:13:50.741527
120,43b68ae8827b4307909e635814267716,Bronze Statue of Liberty Model,jerryfisher,bartholdi,19th century,279432,164669,10,895,2,glb|gltf|source|usdz,https://sketchfab.com/3d-models/none-43b68ae8827b4307909e635814267716,2015-01-19T16:53:04
121,c033a6ee2f8c4028bd2fd25f04ab5e9e,Grafenegg Castle (Schloss Grafenegg),Mycelium,,baroque,1019445,950775,13,625,0,glb|gltf|source|usdz,https://sketchfab.com/3d-models/none-c033a6ee2f8c4028bd2fd25f04ab5e9e,2022-08-19T16:03:10.944478
122,54142d7e49594c8e92669b91cdaa728e,Typhoon,Geoffrey Marchal,thorvaldsen,,455509,413945,15,314,0,glb|gltf|source|usdz,https://sketchfab.com/3d-models/none-54142d7e49594c8e92669b91cdaa728e,2021-03-08T11:37:09.233390
123,4508832b36fa4e889e687cab3130be91,"Portrait Bust of Edwin Wallace Stoughton, Marble",Andrew Sink,saint-gaudens,,181530,100942,14,342,0,glb|gltf|source|usdz,https://sketchfab.com/3d-models/none-4508832b36fa4e889e687cab3130be91,2021-05-14T21:20:31.067988
124,a9a91de88ecc4dccb249d9b507f87534,"""Head of Gaul"" François Rude",AGH,rude,,329358,256783,12,512,0,glb|gltf|source|usdz,https://sketchfab.com/3d-models/none-a9a91de88ecc4dccb249d9b507f87534,2023-08-08T15:35:21.383437
125,b644f010bea84c9db6816fde2842354e,Miner,shinya,rodin,,466456,279528,13,312,0,glb|gltf|source|usdz,https://sketchfab.com/3d-models/none-b644f010bea84c9db6816fde2842354e,2021-06-29T11:36:12.547821
126,bedbb024e3384d5d9ded39c66af4b2f3,"Properzia de' Rossi, Joseph and Potiphar's Wife",ZeuxisVR,,renaissance,89142,267273,14,262,0,glb|gltf|source|usdz,https://sketchfab.com/3d-models/none-bedbb024e3384d5d9ded39c66af4b2f3,2025-07-16T00:58:35.388888
127,1bbf6d8f09294c60a4baf8e6ea9d7f5b,"""Walking Tiger"" Antoine-Louis Barye",AGH,barye,,48141,27811,12,481,0,glb|gltf|source|usdz,https://sketchfab.com/3d-models/none-1bbf6d8f09294c60a4baf8e6ea9d7f5b,2023-08-08T19:32:19.593917
128,2fbb63a804f14e2397d899a568dca1de,Kaiser Joseph II.,noe-3d.at,,19th century,783124,1003605,14,150,0,glb|gltf|source|usdz,https://sketchfab.com/3d-models/none-2fbb63a804f14e2397d899a568dca1de,2026-01-05T11:44:44.075513
129,eae85ffd80be451d98002c936360d210,The Thinker by Auguste Rodin,Aupuma,rodin,,38494,22569,10,594,1,glb|gltf|source|usdz,https://sketchfab.com/3d-models/none-eae85ffd80be451d98002c936360d210,2022-04-16T22:16:29.042427
130,bee5b14a5f784518a2bae327b31f045b,"Jacopo della Quercia, Madonna of Humility",ZeuxisVR,,renaissance,83928,49511,12,309,0,glb|gltf|source|usdz,https://sketchfab.com/3d-models/none-bee5b14a5f784518a2bae327b31f045b,2022-10-02T19:54:11.189289
131,21a383446a1f4680a9274f1b6dc66078,Cupid and Psyche: Rodin,danielpett,rodin,,434628,265148,11,352,0,glb|gltf|source|usdz,https://sketchfab.com/3d-models/none-21a383446a1f4680a9274f1b6dc66078,2019-10-03T11:19:34.380518
132,241e16899e2f4746b80d955182a71d6d,Mermaid sculpture in dynamic pose,adi.switch,rodin,,34474,68948,10,480,0,glb|gltf|source|usdz,https://sketchfab.com/3d-models/none-241e16899e2f4746b80d955182a71d6d,2024-10-27T07:01:27.212642
133,b26274c304794ed78880988d7102f5fe,"Ariadne on the Panther - Marble, 1803–1814",Andrew Sink,,renaissance,150243,88030,11,326,0,glb|gltf|source|usdz,https://sketchfab.com/3d-models/none-b26274c304794ed78880988d7102f5fe,2024-07-06T08:23:37.802226
134,738ea5743936497484daabdc5380eaf5,Baroque Plinith With Inscription,Tomáš Musílek,,baroque,373692,219641,11,289,0,glb|gltf|source|usdz,https://sketchfab.com/3d-models/none-738ea5743936497484daabdc5380eaf5,2021-06-03T19:35:23.104512
135,250b751c937f4bfd8bd6aac2c50c0e57,Warrior Statue,local.yany,michelangelo,renaissance,88017,54530,11,287,0,glb|gltf|source|usdz,https://sketchfab.com/3d-models/none-250b751c937f4bfd8bd6aac2c50c0e57,2025-08-06T23:28:50.100918
136,a1d9e997b2f5432985e086137ea6ad42,Sculpture from the Schonbrunn Gardens 40,iedu360.eu,,baroque,14529,10677,11,296,0,glb|gltf|source|usdz,https://sketchfab.com/3d-models/none-a1d9e997b2f5432985e086137ea6ad42,2024-10-03T09:31:23.919521
137,ea1cf27d689f49ca8a22268e722bf34e,Tomb of Joan II de Ribagorça,albertsierra,,renaissance,597561,392025,11,133,0,glb|gltf|source|usdz,https://sketchfab.com/3d-models/none-ea1cf27d689f49ca8a22268e722bf34e,2021-09-01T17:47:12.708006
138,8a36a628618547d88d234bf2703c4258,"Michelangelo, Pietà Rondanini",ZeuxisVR,michelangelo,renaissance,78352,44321,9,383,0,glb|gltf|source|usdz,https://sketchfab.com/3d-models/none-8a36a628618547d88d234bf2703c4258,2025-05-28T06:29:59.120653
139,b4ad9a74dfc64389a6176c8b59e578d3,Rodin Thinker V2.0,Sakado,rodin,,662489,331622,7,512,0,glb|gltf|source|usdz,https://sketchfab.com/3d-models/none-b4ad9a74dfc64389a6176c8b59e578d3,2023-07-14T03:59:19.822848
140,f22b8451f642479a97cb54249a287772,Robert Houdin,Lycée Hector Guimard,,xix,174436,111172,7,481,1,glb|gltf|source|usdz,https://sketchfab.com/3d-models/none-f22b8451f642479a97cb54249a287772,2019-02-27T15:50:16.535130
141,055059aabb0f45cd9b57117139ceaa0d,Two Cherubs Fighting,Digital Humanities Research Network,,baroque,96564,52300,10,161,1,glb|gltf|source|usdz,https://sketchfab.com/3d-models/none-055059aabb0f45cd9b57117139ceaa0d,2023-11-06T18:11:47.534999
142,0316ca548b0344018b10bdd056b090f8,David with the nature,Ana Moya,michelangelo,,8494768,10018255,9,125,0,glb|gltf|source|usdz,https://sketchfab.com/3d-models/none-0316ca548b0344018b10bdd056b090f8,2021-11-29T00:45:07.676053
143,bb0c6dabb79845aeaf5d53daea16f327,La cathédrale _ Rodin,Leam,rodin,,99999,55987,8,349,0,glb|gltf|source|usdz,https://sketchfab.com/3d-models/none-bb0c6dabb79845aeaf5d53daea16f327,2023-08-08T09:35:29.888303
144,44eea6548dd2444ebe42bff6a313791b,Sculpture of a man holding up a balcony,nmeln,,19th century,1005134,3015402,8,260,0,glb|gltf|source|usdz,https://sketchfab.com/3d-models/none-44eea6548dd2444ebe42bff6a313791b,2021-04-28T18:13:53.078584
145,68b644101e5c43d49e27d989d2b78da8,Ghiberti bas-relief / the gates of paradise,chabychab,ghiberti,,27968,83904,7,464,0,glb|gltf|source|usdz,https://sketchfab.com/3d-models/none-68b644101e5c43d49e27d989d2b78da8,2023-11-15T00:28:29.576814
146,3e7d17bb0d9f40ad904bb044f0dc1cf3,Monument,local.yany,michelangelo,renaissance,12098,8248,10,164,0,glb|gltf|source|usdz,https://sketchfab.com/3d-models/none-3e7d17bb0d9f40ad904bb044f0dc1cf3,2025-08-06T23:28:41.445881
147,d58b3340be254279a0033adfcb336cad,Rodin - Le penseur,Sakado,rodin,,50974,28436,7,386,0,glb|gltf|source|usdz,https://sketchfab.com/3d-models/none-d58b3340be254279a0033adfcb336cad,2023-07-10T16:40:29.723392
148,03b7eecd14a9446d978856f3462a16eb,Buffalo Fountain Head,M Parkinson,,neoclassical,832670,562650,8,169,0,glb|gltf|source|usdz,https://sketchfab.com/3d-models/none-03b7eecd14a9446d978856f3462a16eb,2023-08-04T02:10:45.057704
149,349607ed482946be86c8250c7cdb7125,Florence Ornate Lamp Post Feet (Scaniverse),JFN,michelangelo,renaissance,110278,59396,9,126,0,glb|gltf|source|usdz,https://sketchfab.com/3d-models/none-349607ed482946be86c8250c7cdb7125,2025-12-17T03:18:44.180676
150,0e24c80d5434432fbb6d0f358c21d24d,Render (Hand of Adam),Realf Heygate,rodin,,91128,66377,8,214,0,glb|gltf|source|usdz,https://sketchfab.com/3d-models/none-0e24c80d5434432fbb6d0f358c21d24d,2021-05-31T12:22:02.706045
151,639518073b6044848e5e4f00085a8579,"Chastity - ""Cudnost""",trackmeifyoucan,,baroque,62466,186824,5,482,0,glb|gltf|source|usdz,https://sketchfab.com/3d-models/none-639518073b6044848e5e4f00085a8579,2020-09-13T13:23:31.978751
152,b87f42b904b849de8bab304375dc7b6e,Jardiniere,The Hunt Museum,,19th century,569010,373495,7,197,0,glb|gltf|source|usdz,https://sketchfab.com/3d-models/none-b87f42b904b849de8bab304375dc7b6e,2023-03-24T12:05:20.448985
153,9209c7a98eda4c3bb402bf44d8c8be0d,"""Boulonnaise au Rameau"" Jules Dalou",AGH,jules dalou,,439736,317663,6,291,0,glb|gltf|source|usdz,https://sketchfab.com/3d-models/none-9209c7a98eda4c3bb402bf44d8c8be0d,2023-08-08T16:04:57.762274
154,b23e3c90d5934d9b9c00441d76ba16be,"Sculpture ""Les Naufragés"" - Polycam scan",Nicolas Diolez,,xix,44948,25273,8,165,0,glb|gltf|source|usdz,https://sketchfab.com/3d-models/none-b23e3c90d5934d9b9c00441d76ba16be,2023-04-20T11:15:20.800311
155,c1042cafcdea467d82ca983b88f80dcd,Medardo Rosso - Filippo Filippi Monument,michelon_e,medardo rosso,,226607,128091,7,178,0,glb|gltf|source|usdz,https://sketchfab.com/3d-models/none-c1042cafcdea467d82ca983b88f80dcd,2024-03-02T11:14:15.416520
156,66dd2e20d2de4e7b9a1d697232398b02,The Three Graces by Antonio Canova,pickle,canova,,395299,228612,4,450,0,glb|gltf|source|usdz,https://sketchfab.com/3d-models/none-66dd2e20d2de4e7b9a1d697232398b02,2023-01-17T21:23:11.273242
157,b62082a14359410581a680b2bdf803e5,"Mino da Fiesole, Portrait of Niccolò Strozzi",Glenn Gunhouse,,renaissance,50000,37873,7,213,0,glb|gltf|source|usdz,https://sketchfab.com/3d-models/none-b62082a14359410581a680b2bdf803e5,2022-12-27T20:57:15.806968
158,4105eb667ffd45b892fe0fd548f510cd,Cupid – Michelangelo,Caitlyn Carr,michelangelo,,96750,53297,6,210,2,glb|gltf|source|usdz,https://sketchfab.com/3d-models/none-4105eb667ffd45b892fe0fd548f510cd,2023-07-19T05:04:11.045246
159,be4b583c8fa7471c82ff8f99dec50c8e,Lord Byron Statue,Nicholas Kilgore,thorvaldsen,neoclassical,500000,306545,6,221,0,glb|gltf|source|usdz,https://sketchfab.com/3d-models/none-be4b583c8fa7471c82ff8f99dec50c8e,2023-06-14T18:08:22.844115
160,49feb51e31174d2b98d443f431d70bab,Rodin sculpture,leeprobert,rodin,,72877,55385,7,171,0,glb|gltf|source|usdz,https://sketchfab.com/3d-models/none-49feb51e31174d2b98d443f431d70bab,2021-08-27T19:09:50.438535
161,ea2889792ad94d65bf88250d270eac76,"St Gaudens, Cloître chapiteau oiseaux",DominiqueAllios,saint-gaudens,,215051,122239,7,115,0,glb|gltf|source|usdz,https://sketchfab.com/3d-models/none-ea2889792ad94d65bf88250d270eac76,2023-11-18T18:27:40.147534
162,31764d014e0a43909e0b5b8645770f09,"Mino da Fiesole, Portrait Bust Astorgio Manfredi",ZeuxisVR,,renaissance,82955,47542,7,120,0,glb|gltf|source|usdz,https://sketchfab.com/3d-models/none-31764d014e0a43909e0b5b8645770f09,2022-10-02T19:38:30.508783
163,62bdca8cb6fc443b931c2963b70ffc84,The Thinker (Le Penseur),urbandave,rodin,,290044,164321,4,374,0,glb|gltf|source|usdz,https://sketchfab.com/3d-models/none-62bdca8cb6fc443b931c2963b70ffc84,2024-01-24T01:31:10.038583
164,4bad80992568445283262912fa1dd427,rodin_BALZAC_1897,shinya,rodin,,300040,241214,5,262,0,glb|gltf|source|usdz,https://sketchfab.com/3d-models/none-4bad80992568445283262912fa1dd427,2021-11-29T14:44:07.904320
165,a8e0ea8d4c114717a2c7b22596951ef7,Le Promeneur,pattarrian,camille claudel,,3037568,2351039,6,55,0,glb|gltf|source|usdz,https://sketchfab.com/3d-models/none-a8e0ea8d4c114717a2c7b22596951ef7,2022-03-24T11:38:06.938063
166,b48decb8e25b4117803b233a5099e0e8,David by Gian Lorenzo Bernini,relayusb,bernini,,1200288,661793,5,144,1,glb|gltf|source|usdz,https://sketchfab.com/3d-models/none-b48decb8e25b4117803b233a5099e0e8,2025-12-02T20:56:29.791172
167,6d64abe14f594ac9a047e50f3c88be09,Ghiberti bas-relief  North door,chabychab,ghiberti,,253749,761247,6,128,0,glb|gltf|source|usdz,https://sketchfab.com/3d-models/none-6d64abe14f594ac9a047e50f3c88be09,2023-11-15T00:29:54.004556
168,f374f922571d4953a9122490d1c66780,Eva por Auguste Rodin,Museum_Thievery,rodin,,10000,5717,5,274,1,glb|gltf|source|usdz,https://sketchfab.com/3d-models/none-f374f922571d4953a9122490d1c66780,2017-11-10T20:10:01.411827
169,3497bc6f6b9644c7aa6c47c7b3753e8a,Castle Benrath Lion,ABOOOH,,baroque,6313,3631,6,141,0,glb|gltf|source|usdz,https://sketchfab.com/3d-models/none-3497bc6f6b9644c7aa6c47c7b3753e8a,2022-03-14T17:22:42.230572
170,022c969a8ee247d180e2e1fff97e2c4a,David bust,Denisko1,michelangelo,,1083370,752565,2,371,0,glb|gltf|source|usdz,https://sketchfab.com/3d-models/none-022c969a8ee247d180e2e1fff97e2c4a,2024-08-15T20:59:53.529999
171,da26f1fab68e42538c4b0b432133f74d,Ghiberti bas-relief the gates of paradise 2,chabychab,ghiberti,,23574,70722,5,160,0,glb|gltf|source|usdz,https://sketchfab.com/3d-models/none-da26f1fab68e42538c4b0b432133f74d,2023-11-15T09:07:47.795523
172,ac301b70ac54405a82bd2c77caa4920b,"Pandora Statue - Sewerby, COLOUR",Chapel_Prints_CO,,,1773562,1073753,4,117,0,glb|gltf|source|usdz,https://sketchfab.com/3d-models/none-ac301b70ac54405a82bd2c77caa4920b,2024-06-14T11:22:36.879286
173,047678e73f6f4128a92569c9cb317c82,Lion I,f.x,,neoclassical,470306,290828,5,58,0,glb|gltf|source|usdz,https://sketchfab.com/3d-models/none-047678e73f6f4128a92569c9cb317c82,2025-01-26T15:30:31.821710
174,23029b5c4f85422db679b0ad10454c66,Venus Italica,DanaeGer,canova,,61359,36288,1,503,0,glb|gltf|source|usdz,https://sketchfab.com/3d-models/none-23029b5c4f85422db679b0ad10454c66,2023-02-22T15:40:27.273700
175,f15c74379f464e8b82291816bc2a2ace,"Jour du seigneur, Auguste Bartholdi",Antoine Dresen,bartholdi,,252481,149265,4,140,0,glb|gltf|source|usdz,https://sketchfab.com/3d-models/none-f15c74379f464e8b82291816bc2a2ace,2020-09-17T12:03:23.367039
176,51619c0931d04a0b8cc1d12e0894b6fe,Lion au serpent  - Antoine-Louis Barye,ModelingGoblin,barye,,306949,166698,4,97,0,glb|gltf|source|usdz,https://sketchfab.com/3d-models/none-51619c0931d04a0b8cc1d12e0894b6fe,2023-07-21T14:55:06.560868
177,67612edecdad4da5a8d0965bbd4ca2dc,Rodin hand sculpture,leeprobert,rodin,,5498,4010,4,200,0,glb|gltf|source|usdz,https://sketchfab.com/3d-models/none-67612edecdad4da5a8d0965bbd4ca2dc,2021-08-27T19:11:42.958951
178,be7ebb13911744c0b0bcab9d67fbc6fa,Lion II,f.x,,neoclassical,624488,476488,4,39,0,glb|gltf|source|usdz,https://sketchfab.com/3d-models/none-be7ebb13911744c0b0bcab9d67fbc6fa,2025-01-26T15:32:27.980172
179,4f458b5b61804c228076621cc0a47655,Alien humanoid ceramic sculpture,lvalics,rodin,,19432,12358,1,425,0,glb|gltf|source|usdz,https://sketchfab.com/3d-models/none-4f458b5b61804c228076621cc0a47655,2024-07-16T13:49:43.517300
180,1f096feb7bbd4e6ea6c25c707f026d04,"Pietà, Jagnjenica - Slovenija",downloadix,,,924178,590521,2,165,0,glb|gltf|source|usdz,https://sketchfab.com/3d-models/none-1f096feb7bbd4e6ea6c25c707f026d04,2026-01-15T15:09:21.576864
181,61f2cd2d428d4e8799edde56eb5368cb,Michelangelo - Due Lottatori,Luca.PPPP,michelangelo,renaissance,159158,85983,3,101,0,glb|gltf|source|usdz,https://sketchfab.com/3d-models/none-61f2cd2d428d4e8799edde56eb5368cb,2017-10-26T21:47:51.219447
182,66ce5b5d474d4d08b0cbc4a3daee0e36,"St Gaudens, cloître oiseaux et végétaux",DominiqueAllios,saint-gaudens,,309491,203530,3,71,0,glb|gltf|source|usdz,https://sketchfab.com/3d-models/none-66ce5b5d474d4d08b0cbc4a3daee0e36,2023-11-19T22:46:41.853629
183,248234e53c3c469ea8e6721b56bf00b4,"The Virgin and Child Enthroned, Antonello Gagini",MarkG42,,16th century,500000,323823,3,49,0,glb|gltf|source|usdz,https://sketchfab.com/3d-models/none-248234e53c3c469ea8e6721b56bf00b4,2024-01-07T23:18:19.267616
184,093a9b8ec24440afb1e0cea48ac6d7ce,1972.277 Study of Honoré de Balzac,Cleveland Museum of Art,rodin,,195451,112467,2,152,0,glb|gltf|source|usdz,https://sketchfab.com/3d-models/none-093a9b8ec24440afb1e0cea48ac6d7ce,2025-08-04T19:53:31.803738
185,5441a05d725541cabebfc867182b10fe,"Lion au Serpent (1832) – 3D Scan, Louvre Museum",Alula Tesfay Asfha,barye,,97192,57824,3,44,0,glb|gltf|source|usdz,https://sketchfab.com/3d-models/none-5441a05d725541cabebfc867182b10fe,2025-06-10T15:39:12.264612
186,5353dd6b2ea1452eb8436e4b6602d60e,Base della Statua di Goethe – Berlino,studioeff.gamedesign,,neoclassical,799994,2399078,2,70,0,glb|gltf|source|usdz,https://sketchfab.com/3d-models/none-5353dd6b2ea1452eb8436e4b6602d60e,2025-05-13T11:41:27.510826
187,2403a2786e1745838d081099575efb93,"Esclavo Rebelde, Michelangelo",the dragon 3d,michelangelo,,55992,32302,2,147,0,glb|gltf|source|usdz,https://sketchfab.com/3d-models/none-2403a2786e1745838d081099575efb93,2025-01-13T17:26:45.395048
188,4550d26e53664e57800948a62fc206a4,Le Baiser _ Rodin,Leam,rodin,,222244,122620,1,196,0,glb|gltf|source|usdz,https://sketchfab.com/3d-models/none-4550d26e53664e57800948a62fc206a4,2023-08-08T09:42:22.272387
189,3b82a1f1d53c46199b8f5e22a859e766,Rodin sculpture,leeprobert,rodin,,76676,57868,2,118,0,glb|gltf|source|usdz,https://sketchfab.com/3d-models/none-3b82a1f1d53c46199b8f5e22a859e766,2021-08-27T19:08:43.432782
190,2dfbf669151f41668083d7261fe5aaa4,"Eternal Spring, Auguste Rodin, 1910",MJ.Drifty,rodin,,999982,794912,1,129,0,glb|gltf|source|usdz,https://sketchfab.com/3d-models/none-2dfbf669151f41668083d7261fe5aaa4,2024-07-11T00:13:53.407613
191,5c7caec7559f476b973ceb8e6036a6e8,"Holy Family sculpture - Klíčov [Tachov, CZ]",Martin.Hb,rodin,baroque,700006,479686,2,34,0,glb|gltf|source|usdz,https://sketchfab.com/3d-models/none-5c7caec7559f476b973ceb8e6036a6e8,2025-06-30T08:38:36.777324
192,d0708ca70eb04427aaff0c75dd44fd41,The Thinker 1904 Rodin,Yated,rodin,,38902,25643,2,127,0,glb|gltf|source|usdz,https://sketchfab.com/3d-models/none-d0708ca70eb04427aaff0c75dd44fd41,2024-07-18T15:41:55.314178
193,964c9e94baae49c98c457eb66962617e,Nicolai Eigtved -  Niels Eigtved - Copenhagen,talekeep,,baroque,4762,3573,3,88,0,glb|gltf|source|usdz,https://sketchfab.com/3d-models/none-964c9e94baae49c98c457eb66962617e,2019-12-29T17:19:02.063817
194,61c889ea05a74f848b05a4727d41a9e0,Statue de Champollion par Auguste Bartholdi,Frédérique Bertrand - 3D Imago Urbis,bartholdi,xix,35563,22150,1,188,0,glb|gltf|source|usdz,https://sketchfab.com/3d-models/none-61c889ea05a74f848b05a4727d41a9e0,2025-03-05T07:15:12.474787
195,a0d18dae39f043a2aed796f4d6b47266,Head of Balzac by Rodin,Boston College Digital Scholarship,rodin,,277283,831699,1,110,0,glb|gltf|source|usdz,https://sketchfab.com/3d-models/none-a0d18dae39f043a2aed796f4d6b47266,2023-08-16T19:50:34.312142
196,1910dda36c404e8580f52908e6f93686,Cap masculí barbat,Giravolt,,15th century,260478,246207,1,93,0,glb|gltf|source|usdz,https://sketchfab.com/3d-models/none-1910dda36c404e8580f52908e6f93686,2022-07-08T07:42:45.504080
197,a5c17ff57fdc4891be5880e3df9c5bfc,Lord Byron statue,drewlibrary,thorvaldsen,neoclassical,500000,306545,1,56,0,glb|gltf|source|usdz,https://sketchfab.com/3d-models/none-a5c17ff57fdc4891be5880e3df9c5bfc,2025-11-18T16:21:35.343567
198,1d0d1a20334545afbe25914e8a3d21d6,The Angel of Purity,danielpett,saint-gaudens,,357506,218117,1,62,0,glb|gltf|source|usdz,https://sketchfab.com/3d-models/none-1d0d1a20334545afbe25914e8a3d21d6,2026-01-25T22:14:25.753560
199,2f201ea5658a46acb8cd39663e6ca9f2,"""Ferronnier"" Jules Dalou",AGH,jules dalou,,162105,106752,1,68,0,glb|gltf|source|usdz,https://sketchfab.com/3d-models/none-2f201ea5658a46acb8cd39663e6ca9f2,2023-08-08T15:44:29.083268
200,e0e199bc9db0402c8582d79d66d3f639,Florence Uffizi -Hercules & Centaur (Scaniverse),JFN,giambologna,renaissance,162269,89040,1,56,0,glb|gltf|source|usdz,https://sketchfab.com/3d-models/none-e0e199bc9db0402c8582d79d66d3f639,2025-12-18T05:05:16.491629
